idEstudiante,idPrograma,nombreDirector,fechaPublicacion,nombre,tema
1,17,Tess Filippello,11/18/2004,Chestnut weaver,Indian Jointvetch
2,18,Phylis Bastie,2/5/2009,Sage hen,Wildrye
3,19,Darline Collister,5/8/2005,"Hornbill, yellow-billed",Compact Phacelia
4,64,Danika Asch,3/8/2012,Bengal vulture,Eastern Narrowleaf Sedge
5,3,Shanda Bruckent,11/10/1998,Tawny frogmouth,Durango Root
6,15,Rafe Trangmar,2/6/1997,Burchell's gonolek,Spotted Gum
7,27,Jacinthe Wabersich,12/15/2005,"Weaver, chestnut",Fadyen's Silktassel
8,65,Clementine Giovannelli,11/8/1995,"Mongoose, yellow",White Doll's Daisy
9,1,Corie Sherrum,1/15/2005,Black-backed magpie,Homalium
10,10,Debbi Aggett,2/21/2013,"Otter, brazilian",Lichinodium Lichen
11,80,Goldi McDuff,3/6/2015,"Mongoose, javan gold-spotted",Forked Lineleaf Fern
12,43,Max Dowell,3/16/1997,"Snake, buttermilk",Balsamscale Grass
13,63,Thorsten Bontoft,2/20/2005,"Hawk, red-tailed",Purple Rattlesnakeroot
14,37,Roi Cast,3/7/2013,"Capuchin, brown",Rattlesnake Flower
15,34,Tamar Memmory,5/27/2016,Red lava crab,Palisade Grass
16,66,Odetta Peek,11/3/2017,Yellow-bellied marmot,Hairy Cyanea
17,77,Shaun Harlock,4/3/2015,Oriental white-backed vulture,Narrowleaf Silkgrass
18,10,Katharine Tenbrug,11/6/2012,"Cat, native",Pmc Manzanita
19,32,Allis Fairney,8/11/2004,"Cockatoo, sulfur-crested",Shady Woodsorrel
20,61,Emerson Hansard,5/6/2007,"Tapir, brazilian",Colorado Rinodina Lichen
21,55,Thedric Attride,6/4/2011,Great cormorant,Box Huckleberry
22,27,Karlee Cradey,2/24/2003,Dassie,Nodding Hypecoum
23,39,Alva Nicely,5/7/2020,"Peccary, collared",Comfortroot
24,54,Trenna Bunn,8/10/2012,Yellow-throated sandgrouse,Linanthus
25,70,Adrian Oman,3/26/2019,Red meerkat,Basindaisy
26,50,Olav Gulliford,3/28/1995,Indian leopard,Grassyslope Arctic Sedge
27,44,Kippy Dunne,8/10/2014,Long-billed cockatoo,Necklace Gladecress
28,58,Richart Belt,10/31/2007,Brown antechinus,Gumweed
29,34,Sherm Artharg,9/10/1999,European stork,Pin Lichen
30,74,Kimmie Shemelt,2/14/2004,"Bat, asian false vampire",Hillyhock
31,38,Delinda Perree,10/22/2005,Yellow-rumped siskin,Rusby's Locust
32,18,Olimpia Peppin,6/7/2019,Great skua,Sand Muhly
33,44,Inglebert Moodey,2/3/2011,"Squirrel, arctic ground",Geraniumleaf Phacelia
34,65,Kelsey Boorn,9/18/2010,"Wallaby, tammar",Gordon's Ivesia
35,54,Gabi Obell,1/2/2003,"Fowl, helmeted guinea",Pigweed
36,79,Missy Le Fleming,12/2/2009,Coqui francolin,Rigid Stripeseed
37,74,Roley Cheek,8/4/2012,"Avocet, pied",Arsene's Skin Lichen
38,26,Theo Minchi,11/26/2020,Indian porcupine,Japanese Elm
39,4,Hillel Froud,10/7/2023,"Langur, gray",Balsam Willow
40,33,Dominic Skates,9/23/2005,"Boa, cook's tree",Hawai'i Vetch
41,20,Kiele Langlands,5/29/2019,"Rhinoceros, black",Hilly Sandwort
42,18,Jacquetta Kalf,11/18/2019,Common long-nosed armadillo,Fennel
43,10,Mirelle McCutcheon,7/2/1997,Brush-tailed bettong,Trampweed
44,36,Aveline Olyff,7/23/2008,Common seal,Reclusive Lady's Tresses
45,75,Chelsey Merrywether,1/5/2010,"Zebra, common",Spearmint
46,36,Auberon Quarmby,2/12/2012,Cape clawless otter,Robust Spineflower
47,13,Nilson Golagley,9/15/2010,"Cat, african wild",Smartweed Leaf-flower
48,32,Olivia Rolls,3/31/2008,Malagasy ground boa,Fewflowered Spikerush
49,65,Cecilla Elfe,1/26/1999,Brown capuchin,Curly Plumeless Thistle
50,41,Darla Paskell,11/16/1998,Praying mantis (unidentified),Virginia Bluebells
51,1,Redd Douse,3/12/2013,Purple moorhen,Spiny Hopsage
52,6,Lynnette Letcher,4/22/2000,"Viper, egyptian",Tumamoca
53,6,Errol Laherty,8/19/2012,"Snake, tiger",Yellow Rabbitbrush
54,58,Duke Perry,3/30/2021,Southern right whale,Wasatch Desertparsley
55,72,Sigrid Ducaen,8/22/2002,"Chipmunk, least",Almex
56,5,Deerdre Bicker,10/15/2008,"Pie, rufous tree",Nightshade
57,74,Alina Hadaway,1/13/2002,Koala,Big Yellow Velvetleaf
58,62,Justinian Spivey,4/30/2009,American alligator,Upright Chickweed
59,58,Willow Shelmerdine,6/1/2023,Python (unidentified),Cream Cheesewood
60,15,Erika Rontsch,11/8/2009,Waved albatross,Beard Lichen
61,34,Bentlee Britt,5/28/2006,Agile wallaby,Knotweed
62,45,Brooke Simpkiss,1/30/2005,"Seal, southern elephant",Eastern Grasswort
63,5,Thebault Kennifick,1/27/1999,Argalis,Zapata Bladderpod
64,56,Jacinta Sallery,8/17/2005,"Cat, european wild",Bear Sedge
65,2,Mercy Dalligan,6/4/2008,Yellow-necked spurfowl,Sulphur Sedge
66,6,Sandye Rouff,5/18/2003,Blue shark,Wingpod Purslane
67,10,Thekla Philott,7/10/2009,Roan antelope,Fall Panicgrass
68,3,Collen Rivalant,1/13/2020,Small Indian mongoose,Northern Singlespike Sedge
69,29,Orbadiah O'Hern,3/24/2008,Laughing dove,Thistle Sage
70,55,Libbey Kynge,2/21/2024,Black swan,White Indigoberry
71,24,Deanna Stanworth,10/23/1998,Ant (unidentified),Hiddenpetal Indian Mallow
72,20,Nichole Garaway,2/13/2024,"Squirrel, antelope ground",Thurber's Morning-glory
73,71,Kiley Clyburn,7/22/2007,Weeper capuchin,White Silk Floss Tree
74,66,Gail Howey,1/7/2011,Chimpanzee,Ripgut Brome
75,14,Joseph Fernie,11/10/1995,Pied kingfisher,Engelmann's Knotweed
76,79,Norris Polo,5/30/2010,"Chipmunk, least",Sessileleaf Strap Airplant
77,27,Aggie Hankey,9/21/2017,Great skua,White Bryony
78,18,Whitney Busson,10/17/1999,White-fronted bee-eater,Bigelow Sage
79,62,Regen Fernier,5/8/2014,"Owl, burrowing",Jacob's-ladder
80,50,Norrie Corkan,5/25/2021,"Booby, masked",Leechleaf Cyanea
81,15,Tabbie Grote,9/11/2023,Common langur,White Sunnybell
82,55,Kelsey Kos,9/12/1995,"Macaw, scarlet",Yellow Avalanche-lily
83,6,Teddi Domek,4/4/2022,"Genet, small-spotted",Threepetal Bedstraw
84,34,Debee Simenon,9/7/2010,Woylie,Tiny Purslane
85,23,Gabriell Pull,4/4/2000,Rainbow lory,Weakstem Peperomia
86,47,Derek Vamplew,10/1/2021,"Reedbuck, bohor",New York Mountain Cryptantha
87,57,Granny Chaunce,7/17/2010,"Skua, great",Rusby's Blazingstar
88,11,Lindsay Minchin,2/28/2007,"Goose, spur-winged",Lecania Lichen
89,2,Ive Lutty,2/14/2018,"Macaque, pig-tailed",Rockyscree False Goldenaster
90,69,Laurene Wetherell,1/30/2017,"Stork, woolly-necked",Netleaf Leather Flower
91,34,Bronnie Olechnowicz,5/20/2020,Indian red admiral,Green Phlox
92,6,Laurens Roney,1/24/2005,Red-headed woodpecker,Carolina Laurelcherry
93,10,Kasper Morrice,1/23/2020,Spotted deer,Baker's Cryptantha
94,42,Thain Headingham,3/26/2013,"Mynah, indian",Cylinder Jointtail Grass
95,78,Mylo Blaker,8/22/1995,"Weaver, red-billed buffalo",Slender Goldentop
96,77,Tonye Aburrow,10/26/2011,Yellow-brown sungazer,False Gaura
97,25,Brooks Le Gassick,11/28/2010,Common shelduck,Waianae Range Delissea
98,18,Wynn Morter,10/21/2001,"Shrike, southern white-crowned",Shining Willow
99,34,Tracey La Batie,12/3/2018,"Ibis, glossy",California Spikenard
100,5,Corilla Dinjes,6/22/1996,"Wambenger, red-tailed",Chamber Bitter
101,79,Karney Ludwell,12/27/2023,Slender-billed cockatoo,Maui Pritchardia
102,69,Ardys Eles,1/16/2007,"Stork, black-necked",Dwarf Eelgrass
103,53,Dag Handrock,10/4/2016,Eastern white pelican,Wyman Creek Buckwheat
104,31,Renate Cuddehay,2/13/2017,"Otter, cape clawless",Slimleaf Sneezeweed
105,20,Henry Lawrie,9/15/2015,"Crane, sarus",Coccotrema Lichen
106,63,Eimile Dunderdale,8/27/1996,Long-necked turtle,Gongylia Lichen
107,7,Zandra Laidlaw,7/16/2011,"Owl, burrowing",Climbing Cactus
108,78,Dayle Phinn,6/4/2009,Water legaan,Stenhammar's Pore Lichen
109,78,Casper Babbe,11/20/2012,Eastern quoll,Mexican Starwort
110,66,Karlyn Dybbe,2/15/2005,"Civet, common palm",Gypsum Blazingstar
111,60,Phylys Mollitt,12/13/2003,African ground squirrel (unidentified),Herbwilliam
112,21,Angelle Gilleon,11/19/2011,"Robin, white-throated",Bay
113,78,Lorilyn MacCague,8/9/2004,Brown brocket,Bluet
114,62,Kendall Huckell,6/20/2013,Red brocket,Scribble Lichen
115,19,Trude Bamber,10/25/2005,"Dolphin, bottle-nose",Serpent Woodfern
116,74,Ozzie Willshaw,12/19/1996,"Crow, house",Narrowleaf Arnica
117,65,Moshe Banghe,1/31/2007,Cape cobra,Maydell's Oxytrope
118,23,Emlyn Ewing,10/8/2011,Common ringtail,Christmas Mistletoe
119,76,Becca Landeaux,7/7/2006,"Eagle, bald",Oregon Checkerbloom
120,58,Roberto Kubek,3/7/2018,Honey badger,Scopolia
121,4,Reba Rampling,7/28/2016,Desert spiny lizard,Maroonspot Calicoflower
122,19,Rancell Johannesson,4/28/2018,Western grey kangaroo,Reimar Grass
123,29,Winifred Hedaux,10/1/2017,"Cat, tiger",Megaspora Lichen
124,28,Hildy Elfitt,8/1/2013,Indian leopard,Knowlton's Miniature Cactus
125,79,Michaelina Mongan,7/16/2015,"Mockingbird, galapagos",Glyphis Lichen
126,9,Rakel Astall,7/9/1997,"Squirrel, european red",Shortleaf Jefea
127,61,Glen Abelovitz,10/25/2015,"Bustard, stanley",Cabra Blanca
128,72,Kordula Moger,1/12/2005,Boat-billed heron,Curlyleaf Muhly
129,50,Urbain Pietruszewicz,10/5/1996,Desert kangaroo rat,Arctic Eyebright
130,79,Donavon Christofe,6/30/1997,Adouri (unidentified),Bigelow's Tickseed
131,54,Darill Sutcliffe,8/23/2018,Greylag goose,Warnock's Ragwort
132,17,Sylvan Dakhno,11/29/2018,Black-crowned night heron,Gregg's Hawthorn
133,45,Ingmar Friary,8/10/2019,Mouflon,Smooth Oxeye
134,33,Gayleen Mulliss,5/7/2015,Two-banded monitor,Platygyrium Moss
135,55,Barclay Meneo,7/28/2009,Collared lizard,Broadleaf Barbara's Buttons
136,55,Erie Benardeau,4/27/2000,Beisa oryx,False Hair Sedge
137,55,Lela Haggerty,2/9/2019,"Jackal, silver-backed",Flotow's Dimple Lichen
138,48,Hayes Ayliff,6/18/2012,"Rhea, common",Maule's Quince
139,65,Indira Chrippes,6/4/2008,Western pygmy possum,Auricled Twayblade
140,19,Jaime Snassell,2/16/2012,"Possum, ring-tailed",Orange-flower Star Orchid
141,38,Yale Frost,6/9/2011,Gerbil (unidentified),Bitter Fleabane
142,71,Daffi Rablen,2/19/2004,Long-tailed skua,Sleeping Popcornflower
143,16,Neille Denslow,10/26/2012,"Otter, small-clawed",Balkan Catchfly
144,47,Hogan Dimock,6/14/2017,"Bleu, blue-breasted cordon",Reed Mannagrass
145,34,Noll Burds,7/15/1996,Green vine snake,Hairy Yellow Vetch
146,57,Genni Bury,4/30/2000,"Cardinal, red-capped",Nuttall's Milkvetch
147,7,Vivian Tuffs,7/30/2013,"Bandicoot, long-nosed",Tropidocarpum
148,26,Burk Skains,5/5/2016,Little brown bat,Strawberry Saxifrage
149,49,Jannelle Manchett,6/19/2003,"Dragon, ornate rock",Summer Farewell
150,9,Kain Muress,10/6/2004,"Lizard, desert spiny",Drooping Star Of Bethlehem
151,63,Beckie Pinnington,3/7/1996,Indian leopard,Lung Lichen
152,41,Rey Jirka,11/22/1995,Collared lizard,Yucca
153,69,Tremayne Harris,3/17/2008,"Marshbird, brown and yellow",Cronquist's Phacelia
154,66,Gwenore Harbord,11/8/2000,"Pheasant, common",Beavertail Pricklypear
155,8,Daron Eckhard,4/1/1996,Coke's hartebeest,Hairy Star Of Bethlehem
156,71,Corbet Mahaffey,3/16/2001,Agouti,Smooth Northern-rockcress
157,3,Kahlil Pactat,11/21/1999,Eastern diamondback rattlesnake,Auwahi Melicope
158,4,Carey Catlette,11/25/2009,Numbat,John Charles
159,49,Haydon Cancelier,3/31/2008,Chestnut weaver,Campylopus Moss
160,19,Alli Kiddie,7/14/1996,Sociable weaver,Melastoma
161,76,Yorke Menichini,1/4/2008,"Bunting, crested",Meadow Thistle
162,55,Niall Brotherwood,4/1/1998,Herring gull,Great Sage
163,31,Danette Cheley,5/25/2017,"Genet, common",African Tuliptree
164,14,Crawford Powles,6/15/2002,American black bear,Mustang Monardella
165,11,Hollyanne Reuven,7/31/2003,"Gecko, bent-toed",Fremont's Dalea
166,10,Daisy Peachey,6/8/2008,Black-throated butcher bird,Rocky Mountain Juniper
167,10,Neville Abramsky,1/30/2016,Agile wallaby,Barrelier's Bugloss
168,62,Dirk Filby,8/19/2007,Blue waxbill,Red Mountain Catchfly
169,37,Zita Jerg,11/27/2012,Water legaan,Sensitive Plant
170,72,Ibby Chessun,12/20/2004,Chameleon (unidentified),Oahu Wild Coffee
171,14,Brana Mundwell,7/8/1998,"Skua, long-tailed",Silver Saltbush
172,76,Marchelle Bednall,10/7/2010,"Rhea, common",Gunsight Clarkia
173,77,Benjamen Beceril,5/7/2012,Superb starling,White Avens
174,28,Mirabelle Hutable,1/14/1996,Monitor lizard (unidentified),Melicoccus
175,37,Alecia Rhydderch,7/10/2019,Levaillant's barbet,Pincushion Plant
176,50,Pearla Ryall,7/16/2006,"Buffalo, asian water",Thismia
177,53,Joly Bearcock,7/26/2006,Grey lourie,Lipfern
178,39,Ami Moxon,9/29/2001,"Deer, white-tailed",Pineland Buckwheat
179,48,Eben Osant,6/28/2000,"Vulture, white-headed",Alkali Goldenbush
180,33,Seline Crenshaw,12/13/2019,"Jackal, golden",Timber Milkvetch
181,29,Dillie Spearman,2/11/2018,"Mynah, indian",Pygmyflower Rockjasmine
182,30,Kelwin Winfindine,9/22/2012,Koala,Fatoua
183,3,Lanny Benz,3/3/2023,"Cat, cape wild",Moluccella
184,64,Harmonie Joscelin,8/14/2011,Coyote,Hopi Tea Greenthread
185,70,Norina Pude,9/24/2005,"Goose, andean",Longtube Iris
186,6,Missie Fevers,3/17/1998,"Waxbill, blue",Smooth Townsend Daisy
187,3,Carol Ramsdale,7/11/2004,Common seal,Bottlebrush
188,5,Evania Arnout,1/31/2023,Superb starling,Campion
189,26,Catarina Pipping,10/23/1996,"Screamer, southern",Bigelow's Monkeyflower
190,23,Melicent Aps,5/20/2011,"Snake, tiger",Cooper's Rubberweed
191,35,Roddy Peidro,7/4/2022,Southern boubou,Forked Hareleaf
192,59,Aleen Swatland,4/22/2012,Roan antelope,Ballhead Ipomopsis
193,12,Merla Cunnane,10/13/2007,"Fowl, helmeted guinea",Parry's Dwarf-sunflower
194,78,Irma Middleditch,8/27/2007,Red-tailed cockatoo,Caribbean Princewood
195,60,Robby Harcarse,5/25/2016,"Coatimundi, white-nosed",Pylaisiella Moss
196,57,Emmanuel Hirth,5/19/2022,Turkey vulture,Desert Tobacco
197,76,Allie Durtnel,4/1/1995,European shelduck,Drooping Wattle
198,18,Roderic Yeoland,11/20/2015,"Quail, gambel's",Palmer's Catchfly
199,36,Reinaldo Shuter,11/7/1999,Cormorant (unidentified),Marijuana
200,28,Abba McQuillen,6/11/1996,Field flicker,Pyrenean Thistle
201,79,Anatola Lightbourn,3/3/1998,"Nuthatch, red-breasted",Fineleaf Hymenopappus
202,27,Donnajean Mordecai,1/7/1998,Tsessebe,Cold Crabseye Lichen
203,40,Katie Book,6/29/2016,European stork,Wedgeleaf Draba
204,57,Sunny Hundell,11/13/2011,Wattled crane,Sweetscented Phacelia
205,78,Shana Sedcole,7/6/2011,Red kangaroo,Arizona Cinquefoil
206,71,Jard Lilly,11/17/2000,"Glider, squirrel",Anglevein Fern
207,68,Reeva Glassborow,1/21/2009,Superb starling,Sierra Suncup
208,71,Anabella Noirel,1/9/2011,"Skimmer, four-spotted",Common Bushweed
209,76,Millard Stuke,7/23/2003,Bush dog,American Lichinella Lichen
210,46,Silvain Stebles,5/7/2023,"Lorikeet, scaly-breasted",Spiny Spiderflower
211,32,Daphne Thurbon,1/29/2006,Mocking cliffchat,Tamarack
212,68,Cacilie Brogan,4/8/2022,"Chickadee, black-capped",Teramnus
213,44,Eberto Hartop,11/10/2006,"Cobra, cape",Rim Lichen
214,37,Lorenzo Oppy,5/3/2018,White-fronted capuchin,Birdwing Fern
215,46,Kevyn Lundberg,6/22/2002,Emu,Ouachita Mountain Sedge
216,38,Lorenza Bullin,2/19/2017,Arctic tern,Nevada Sumpweed
217,12,Hastings MacGorrie,5/4/2006,"Albatross, waved",Arizona Foldwing
218,71,Eldredge Edlyn,8/7/2005,Southern white-crowned shrike,Stenocybe Lichen
219,41,Kenn Ervine,11/16/2001,"Bat, asian false vampire",Arthothelium Lichen
220,39,Ilaire Ondrak,6/21/2016,Eurasian red squirrel,Sonora Entosthodon Moss
221,20,Andria Drew,1/5/2005,Crown of thorns starfish,Olympic Onion
222,38,Delores Fenning,8/26/2010,Spotted hyena,Culver's Root
223,47,Lou Aleksashin,3/24/2000,"Iguana, marine",Montane Ditrichum Moss
224,3,Giraud Noad,3/12/2005,Rhesus monkey,Xanthoparmelia Lichen
225,16,Cris Morkham,10/13/2011,House crow,Cachimbo De Gato
226,42,Theresita Pardoe,12/7/2000,Roe deer,Deltoid Balsamroot
227,6,Seth Midlar,6/27/2001,"Magpie, black-backed",Bulbophyllum
228,34,Domenic Baggally,2/4/2016,Madagascar fruit bat,Slender Amaranth
229,10,Monti Padell,12/9/2018,Coke's hartebeest,Birdcatching Sedge
230,61,Urbain Sifflett,12/20/2017,Asiatic wild ass,Artocarpus
231,74,Randi Ziemecki,3/21/2004,Urial,New Mexican Fontinalis Moss
232,38,Nester Killough,6/22/2002,Brush-tailed rat kangaroo,Bulrush
233,61,Anya Mandy,1/26/1999,"Whale, baleen",California Milkwort
234,3,Maxim Daunter,5/26/2010,Fisher,Chilean Nightshade
235,41,Kain Downey,3/7/2020,Whip-tailed wallaby,Lecania Lichen
236,9,Milton Stirman,9/22/1995,"Cormorant, great",Purple False Gilyflower
237,41,Bess Guest,5/25/2011,"Vulture, oriental white-backed",Maraca Roja
238,49,Sue Rosenbloom,1/11/2006,Pampa gray fox,Tricolor Daisy
239,24,Iolanthe Bover,6/20/2003,"Francolin, swainson's",Three Toothed Saxifrage
240,10,Bord Lawman,10/10/2009,Silver-backed fox,Mexican Pokeweed
241,59,Olga Parley,10/10/2023,"Albatross, waved",Disc Lichen
242,18,Giacobo Liley,1/3/2018,"Cormorant, pied",Manyhead Desertdandelion
243,7,Harris Oguz,6/30/2010,Bald eagle,Largeleaf Rose Gentian
244,5,Sada Quye,11/21/2014,"Racer, american",Brigantiaea Lichen
245,41,Nappie Haseman,12/6/2004,Canada goose,Surefoot Buttercup
246,26,Shaine Yetts,6/29/2002,"Bustard, stanley",Foothill Larkspur
247,26,Odell Wharlton,11/1/1996,Western grey kangaroo,Hairy Chaffhead
248,31,Albina Taphouse,3/31/2017,Brown capuchin,Sedge
249,76,Marty Palister,2/16/2015,Bald eagle,Jumping Cholla
250,7,Ike Baughen,11/21/2001,American crow,Carolina Primrose-willow
251,33,Moselle Clara,12/12/2021,Cape cobra,Creeping Filmy Fern
252,21,Latia Whitton,11/5/2022,Nubian bee-eater,Desert Springparsley
253,59,Chantalle Thomazin,8/14/2015,White rhinoceros,Alaska Mistmaiden
254,79,Britni Pelfer,2/18/2012,Caracara (unidentified),Branched Pencil Cholla
255,42,Veradis Gaffey,5/29/1997,"Kangaroo, western grey",Tube Lichen
256,3,Vern Delea,10/30/2014,Lizard (unidentified),Brunswickgrass
257,51,Ivette Lewzey,3/27/1996,African wild dog,Grayleaf Willow
258,57,Kiersten Neylon,1/29/2012,"Hen, sage",Myrtus
259,44,Elfrieda Burker,5/20/1998,"Monkey, rhesus",Hairy Bedstraw
260,39,Deena Penreth,3/1/2006,"Hare, arctic",Scribner's Grass
261,78,Tiphanie Cureton,3/23/2021,Oriental white-backed vulture,Golden Rimmed Navel Lichen
262,22,Miof mela Caldroni,7/23/2022,"Bulbul, black-eyed",Clustered Sage
263,77,Reggie Pulhoster,4/15/2017,"Eagle, crowned",Carolina Leaf-flower
264,11,Hugh Velez,1/3/2004,Columbian rainbow boa,Serrate Ptychomitrium Moss
265,4,Erl Josovitz,1/15/2019,"Pheasant, ring-necked",Parthenice
266,63,Jessamyn Standbridge,10/18/2019,"Constrictor, eastern boa",Siberian Mountain Ash
267,34,Igor Dyshart,2/28/2016,"Quail, gambel's",Basket Fern
268,67,Bret Rosas,5/3/2020,"Woodcock, american",Olney's Hairy Sedge
269,43,Lesli Kollaschek,2/5/2016,Crowned hawk-eagle,Sleepydaisy
270,44,Fowler Chaize,8/26/2018,Little blue penguin,California Fiddleleaf
271,52,Tiff Haselgrove,1/16/2004,Black-eyed bulbul,Panhandle Meadowbeauty
272,1,Eydie Stephenson,1/30/2011,Northern elephant seal,Indian Woodoats
273,15,Lorri Blasetti,11/27/2023,"Screamer, southern",California Stickseed
274,67,Theo Wyon,10/30/2014,"Kangaroo, red",Bearded Skeletongrass
275,65,Angelika Crowest,10/14/2023,"Cockatoo, roseate",Fivenerve Helianthella
276,53,Allie Hubbocks,12/16/2021,Campo flicker,Sanddune Spurge
277,68,Wendell Gainforth,10/1/2016,"Bird, bare-faced go away",Wetherill's Buckwheat
278,2,Conant Legan,7/27/2019,Galapagos tortoise,Dudley's Monkeyflower
279,69,Gil Biever,10/28/2023,Capybara,Ray's Knotweed
280,67,Wendye Lionel,11/23/2013,"Elephant, african",Pseuderanthemum
281,38,Bobina Sparrowhawk,11/1/2007,"Kingfisher, malachite",Navel Lichen
282,55,Em Fassam,5/7/2019,Tsessebe,Privet Senna
283,75,Kessiah Blesdill,5/2/2005,"Robin, white-throated",Miniature Lupine
284,67,Artus Wyllis,4/21/1996,"Pademelon, red-legged",King's Bird's-beak
285,34,Crissy Honeyghan,3/24/2018,Killer whale,Ponderosa Pine
286,64,Elita Westell,3/22/2004,"Cockatoo, sulfur-crested",Whitetip Clover
287,50,Corbin Bullman,6/3/2012,Yellow-throated sandgrouse,Graceful Sedge
288,50,Corbie De Lorenzo,1/20/2011,Black-winged stilt,Wright's Beardgrass
289,22,Nadine Falla,3/15/1999,Magistrate black colobus,Chocolate Vine
290,4,Carmine Jain,8/24/2013,"Hyena, striped",Austin Desertparsley
291,50,Ricard Foxley,2/21/2000,"Macaque, bonnet",Bluewitch Nightshade
292,56,Lorain Maffione,6/17/1997,Striated heron,Stone Bramble
293,41,Eolanda Trodler,5/27/2007,Bohor reedbuck,Cliffdweller
294,64,Thaddeus Milstead,9/16/2005,Paca,Lemmon's Milkvetch
295,52,Alidia Delamaine,11/19/2003,Whip-tailed wallaby,Greater Yellowthroat Gilia
296,51,Daisie Vayne,12/24/2005,Silver-backed fox,Alpine Golden Buckwheat
297,49,Maxim Huguenet,9/20/1998,"Gazer, sun",Howell's Quillwort
298,72,Salem Nangle,4/21/2009,"Marten, american",Abruptbeak Sedge
299,50,Phineas Morphey,2/6/2002,Grey-footed squirrel,Cossatot Mountain Leafcup
300,61,Alyse Burchett,2/23/2000,"Goose, cereopsis",Silver Ponysfoot
301,34,Sadella Bascombe,5/8/2023,"Ass, asiatic wild",Mauna Loa Beggarticks
302,47,Ham Seagar,6/18/2000,"Baboon, savanna",Oregon Cliff Fern
303,29,Marta Levis,10/17/2009,"Weaver, white-browed sparrow",Keck's Beardtongue
304,8,Juliette Gunningham,6/24/2013,Black bear,Coccocarpia Lichen
305,34,Natassia Karpe,1/20/2006,"Rat, white-faced tree",Early Crocus
306,76,Minda Alastair,3/22/2010,"Zorro, azara's",Bandanna Of The Everglades
307,2,Donelle Slewcock,5/23/2010,Ringtail,Yellow Pea
308,37,Fergus Wileman,5/26/2004,"Jackal, black-backed",Small Camas
309,8,Corie Kelland,4/19/2008,Dama wallaby,Texas Snakecotton
310,70,Costanza Jiru,7/22/1999,"Booby, blue-footed",Ironweed
311,9,Lesya Penny,8/30/2004,Egyptian viper,Desert Agave
312,10,Seward Olivella,12/30/2006,Coqui francolin,Santa Cruz Water-lily
313,24,Yves Franciskiewicz,5/17/2016,Blue catfish,Black Cumin
314,51,Merrill Tinkler,2/5/2024,"Bettong, brush-tailed",Loa Milkvetch
315,11,Julienne Setchell,8/8/2021,"Sloth, two-toed tree",Diamond Valley Suncup
316,14,Clarence Monan,2/2/1997,"Kangaroo, black-faced",Serrate Aphanorrhegma Moss
317,32,Annaliese Nare,6/27/2012,Slender loris,Cusick's Fumewort
318,16,Julita Melonby,7/19/1997,Frilled dragon,Sunburst
319,70,Nathalie Cranmore,10/16/1995,Steller sea lion,Pele Clermontia
320,40,Jillie Wellman,5/10/2009,Yak,Dwarf Lilyturf
321,22,Pearce Fancourt,6/20/2008,"Gazer, sun",Lempholemma Lichen
322,58,Eda Sandercroft,7/22/2022,Little blue penguin,Wart Lichen
323,53,Karlene Tarply,10/23/2017,Pocket gopher (unidentified),Pata De Gallina
324,31,Cally Rosekilly,10/7/2021,African pied wagtail,Palestine Clover
325,11,Moina Spinke,4/4/2004,"Bustard, stanley",Tamujo
326,66,Phoebe Stiff,6/14/2008,"Booby, masked",Simple Campion
327,77,Alva Greengrass,3/26/2001,Asian lion,Hairy Crinklemat
328,12,Barth Siebert,10/8/1999,"Boa, emerald green tree",Mountain Owl's-clover
329,35,Noel McQuorkell,7/22/2006,Madagascar fruit bat,Canadian Rim Lichen
330,55,Maggie Cutmere,3/12/2020,Pied cormorant,Purpleglume Flatsedge
331,42,Cybil Cowden,4/9/2023,"Bear, black",Island Grapefern
332,40,Nisse Mompesson,3/21/2000,Black-collared barbet,Lakeshore Sedge
333,78,Kessiah Whenham,5/28/1996,Ringtail,Violet Dock
334,46,Lindie MacAne,9/28/2008,Agouti,Goldilocks
335,67,Lynette Tersay,12/17/2003,"Sunbird, lesser double-collared",Aspen Onion
336,68,Tome Ovett,8/21/1998,"Macaque, japanese",Nosegaytree
337,53,Rebbecca Breen,7/21/2014,Southern elephant seal,Brown's Peony
338,6,Gabriel Balsillie,10/24/2001,"Quoll, spotted-tailed",Oxystegus Moss
339,27,Suzanne Rustidge,6/13/2000,Australian brush turkey,Bletia
340,14,Cameron Bennet,5/23/2003,Red-winged hawk (unidentified),Bulbothrix Lichen
341,67,Karia Avon,6/9/1995,"Lynx, african",Bolander's Mock Dandelion
342,31,Mikol Rheubottom,2/10/2019,"Boubou, southern",Superb Beardtongue
343,65,Elisabeth Guerre,1/7/1998,Anaconda (unidentified),Eggleaf Twayblade
344,25,Noemi Misk,2/7/2020,"Bison, american",Splendid Woodland-gilia
345,1,Robinett Markovich,1/6/2003,Savanna fox,Groundcover Milkvetch
346,17,Ronnie Elliss,6/6/1998,Butterfly (unidentified),Santa Lucia Dwarf Rush
347,77,Lanita Fursland,10/2/2011,Gecko (unidentified),Rock Lily
348,20,Sherie Hartness,12/7/2021,"Vulture, white-rumped",Forked Wormwood
349,62,Samuele Jiru,6/28/2000,American beaver,Sonoran Bean
350,16,Tad Purnell,10/10/2004,Black-footed ferret,Nail Lichen
351,48,Trixy Moncarr,10/8/1996,"Wallaby, tammar",Hawai'i Air Fern
352,30,Stephine Moryson,4/19/1995,Cape fox,Squareseed Spurge
353,80,Evonne Goudy,5/4/1997,Greater flamingo,Carrion-flower
354,77,Bonnee Grierson,4/21/1999,Green-winged macaw,Pale Giant Hyssop
355,36,Petr Palek,1/25/1999,"Bulbul, black-fronted",Hybrid Oak
356,1,Hansiain Brauninger,6/23/2002,Impala,Striped Rosemallow
357,28,Marijn Havill,4/13/2003,"Vulture, griffon",Beggarslice
358,78,Ginni Bletsor,7/9/2000,Verreaux's sifaka,Au
359,3,Denni Rawlins,4/10/2016,Red-winged blackbird,Rattlebox
360,35,Casar Yakubov,6/5/2010,Indian red admiral,Veiny Geranium
361,27,Thorsten Brando,9/13/2000,"Booby, masked",Boxelder
362,44,Godart Launchbury,1/8/2015,Tailless tenrec,Urn Lichen
363,1,Lisa Pochin,12/7/2008,Grey heron,Jackswitch
364,33,Larry Falkingham,7/19/2000,Common genet,Arctic Alpine Forget-me-not
365,29,Luther Towlson,11/20/1996,"Duck, white-faced whistling",Hairy Goldenrod
366,70,Stacy Carter,8/16/2001,Bee-eater (unidentified),Ceanothus
367,52,Ernesta Littleproud,6/22/2018,Stanley crane,Yellow Giant Hyssop
368,69,Starr Sive,2/10/2024,Savanna baboon,Perennial Goldfields
369,29,Masha Owttrim,10/29/2011,Seven-banded armadillo,Greenland Sedge
370,62,Paige Isakov,8/10/2021,"Porcupine, north american",Japanese Red Pine
371,80,Dru Webbe,4/17/1998,"Rattlesnake, eastern diamondback",Hartweg's Milkvetch
372,67,Rhodie Hambrook,6/25/2021,Brazilian tapir,Hairyfruit Chervil
373,72,Mariellen Radenhurst,11/14/2019,Red-billed hornbill,Xylosma
374,41,Killie Hexham,5/18/2023,"Magpie, australian",Flett's Dry Rock Moss
375,66,Coriss Giannotti,10/7/2006,Trumpeter swan,Inyo Bedstraw
376,22,Frederick Tremblot,9/28/2021,"Starling, greater blue-eared",Malaysian False Pimpernel
377,16,Jodie Baggally,5/31/2001,Short-nosed bandicoot,Oregon Checkerbloom
378,71,Kessia Deeves,1/4/2014,"Bulbul, african red-eyed",Rooted Poppy
379,69,Rafe Ashbe,1/25/1996,"Turaco, violet-crested",Demangeon's Phylliscum Lichen
380,40,Sky Clynmans,1/14/2006,Black-capped capuchin,Tortured Tortella Moss
381,32,Bird Dew,9/23/2023,"Bear, sloth",Green False Foxglove
382,59,Lorrayne Myrkus,4/3/2005,Jabiru stork,Keyflower
383,18,Gilburt Prichet,6/28/1998,"Ibis, glossy",Dwarf Alpinegold
384,39,Temple Moden,5/18/2010,Indian tree pie,Western Fox Sedge
385,46,Harriott Neilus,3/19/2019,River wallaby,San Clemente Island Brodiaea
386,75,Veriee McVaugh,10/22/2001,"Bear, black",Snowberry
387,7,Ian Challender,7/19/2013,Least chipmunk,Rattan's Phacelia
388,26,Olivero Trask,10/13/2004,Laughing dove,Menzies' Campion
389,37,Ephraim Dutson,6/25/2004,"Crake, african black",Acacia
390,1,Jami Marchiso,3/13/2019,Canadian river otter,Guadalupe Valerian
391,69,Odetta Barlie,4/19/2013,Southern ground hornbill,Desert Savior
392,18,Ricard Larroway,12/4/2019,Sun gazer,Acicarpha
393,43,Shepperd Slobom,6/16/2008,"Monkey, bleeding heart",Wheeler's Peperomia
394,37,Burgess Aloshkin,10/4/2014,"Wombat, common",Gmelin's Sedge
395,63,Alphonso Bullan,12/20/2009,Python (unidentified),Camwood
396,47,Cleopatra Deeson,3/10/2011,Brush-tailed rat kangaroo,Staghorn Fern
397,3,Gideon McCane,1/24/1999,"Cat, civet",Longbract Frog Orchid
398,73,Cleavland Abrashkin,2/1/2021,Vicuna,Swamp Stonecrop
399,55,Amalle Brumwell,9/4/2016,Manatee,Northern Green Rush
400,79,Emalia Ramet,5/12/2009,"Goose, knob-nosed",Santa Catalina Indian Paintbrush
401,56,Decca Heintz,4/26/1997,"Viper, egyptian",Alpine Springbeauty
402,73,Gwendolen Vasquez,11/10/1997,"Monitor, two-banded",Ticktrefoil
403,23,Evonne Adolfsen,10/8/1999,"Hornbill, southern ground",Shaggy Lupine
404,49,Dale Duddan,4/29/2005,"Falcon, prairie",African Bermudagrass
405,37,Lynsey Kinder,8/19/2017,Striped skunk,Alaska Bellheather
406,1,Edmund Coche,11/28/1998,Denham's bustard,Arctic Daisy
407,21,Holden Celle,5/7/2008,Large-eared bushbaby,Asian Copperleaf
408,30,Tana Caulkett,3/30/2019,Common wallaroo,Hybrid Violet
409,49,Ada Gerge,8/2/2016,Capybara,Broussonetia
410,25,Ben Skough,9/23/2000,"Starling, red-shouldered glossy",Singleleaf Ash
411,60,Bobbee Barby,4/28/2020,"Jacana, african",African Bonebract
412,51,Iolande Fawcitt,11/18/2004,"Marten, american",Thistle Sage
413,49,Zsazsa Benninger,2/15/2023,Kirk's dik dik,Alpine Springbeauty
414,7,Keely Penton,10/5/2023,"Goldeneye, barrows",Low Beardtongue
415,42,Gwenette Latore,9/16/2007,"Beaver, eurasian",Dwarf Witchalder
416,54,Georgia Martinelli,5/23/1995,"Shrike, common boubou",Blackcurly Lichen
417,71,Blake Hambrick,2/1/2004,"Gull, pacific",Midsorus Fern
418,34,Kristi McGirl,3/28/2021,"Kangaroo, eastern grey",Dwarf Four O'clock
419,19,Hernando Hayhoe,7/15/2011,Blue and gold macaw,Sierra Currant
420,26,Katee Greville,10/23/2015,Stanley bustard,Golden-yarrow
421,73,Lutero Cheer,2/1/2010,Jabiru stork,Annual Clary
422,37,Robyn Gaine of England,11/22/2017,White-tailed deer,Coconut Palm
423,52,Tabby Danby,4/18/2005,Pacific gull,Shaggyhair Lupine
424,65,Lanie Mellows,7/14/2008,"Pelican, great white",Durmast Oak
425,63,Lanie Brotherhed,12/30/1999,"Robin, white-throated",Spreading Chervil
426,33,Eric Dixsee,4/28/2013,"Mynah, indian",Chocolate Vine
427,47,Orbadiah Haycraft,1/19/2018,Neotropic cormorant,Howell's Fleabane
428,43,Phillis Marconi,6/2/2011,Vine snake (unidentified),Cottony Goldenaster
429,16,Joshua Cavaney,9/11/2009,"Screamer, crested",Clustered Mille Graines
430,62,Rodolfo Vasyaev,5/11/2022,Ornate rock dragon,Holboell's Rockcress
431,1,Andie Sicha,5/31/1999,"Crane, blue",Silvery Lupine
432,53,Dru Haslegrave,4/12/2018,"Boa, emerald green tree",Rough Bindweed
433,77,Genvieve Rubberts,6/3/1998,Hottentot teal,Arctic Funaria Moss
434,43,Theodora Surgener,8/26/2021,Desert spiny lizard,Northern Gray Ironbark
435,76,Elane Snuggs,9/27/2002,"Roadrunner, greater",Veatch's Island Broom
436,50,Ainslee Dowthwaite,4/17/2019,"Genet, common",Grimes' Pea
437,46,Issi Olenchenko,10/30/1997,"Bushbaby, large-eared",Keyflower
438,66,Corbin Whiles,4/5/2012,"Lark, horned",San Gabriel Bluecup
439,21,Humfrey Telling,8/29/1999,"Bird, black-throated butcher",Roseflower Stonecrop
440,18,Ottilie Habbema,12/16/2005,Flying fox (unidentified),Geocarpa Groundnut
441,64,Genny Hillatt,7/24/2011,"Echidna, short-beaked",Ale
442,53,Zondra Mowsdill,9/28/2019,Civet (unidentified),Oval-leaf Willow
443,48,Gill Chalfant,1/20/2016,Agile wallaby,Downy Desert-thorn
444,6,Celine Dosedale,11/30/2015,Anaconda (unidentified),Havard's Stonecrop
445,28,Valle McSkin,5/10/2000,Black-faced kangaroo,Droophead Tufted Airplant
446,17,Orlando Fereday,10/10/2009,"Tortoise, desert",Red Baneberry
447,52,Clary Aggus,2/20/2005,"Skua, great",Hybrid Oak
448,52,Janene Brooksby,9/14/2014,"Fox, asian red",Eurhynchium Moss
449,16,Leslie Bauldrey,3/17/2001,Eastern indigo snake,Iron Ipomopsis
450,22,Vladimir Gerssam,8/18/2019,"Gorilla, western lowland",Nevada Lewisia
451,36,Nelle Derrell,1/13/1999,North American beaver,Purple Deadnettle
452,35,Heinrik Goding,2/17/2001,"Goat, mountain",Rush
453,26,Maribel Smallcomb,5/28/2018,Gelada baboon,Bridal Bouquet
454,21,Teresita Ghidoni,2/13/2024,Manatee,Silver Creek Blackberry
455,63,Anya Lemanu,11/15/2006,Four-striped grass mouse,Orthotrichum Moss
456,4,Jacinta Tootal,4/25/2013,"Wildebeest, blue",Yellowcomet
457,25,Briano Godart,1/18/2016,"Snake, tiger",Gooseneck Yellow Loosestrife
458,51,Billie Caughan,7/24/2001,"Skink, african",Ball Lichen
459,66,Paddy La Vigne,5/24/2008,Frog (unidentified),Phaeographina Lichen
460,11,Granville Real,5/26/2001,"Phalarope, grey",Porter's Licorice-root
461,30,Matilde Ingold,9/18/2018,"Viper, egyptian",Dicranum Moss
462,11,Tildy Strafford,4/12/2016,"Avocet, pied",Chihuahuan Fishhook Cactus
463,10,Felic Soames,3/29/2008,Mexican beaded lizard,Bitter Ash
464,78,Deloris Karchewski,2/4/2013,Ring dove,Hybrid Oak
465,33,Lanny Eastes,3/14/2018,Downy woodpecker,Glacier Buttercup
466,73,Tad Willford,12/31/1997,"Bushbaby, large-eared",Welch's Fontinalis Moss
467,29,Reg Hurlston,11/16/2008,Masked booby,Bristly Gentian
468,8,Burnard Kleiser,4/23/2023,Indian peacock,Madera Linanthus
469,57,Bridgette Atger,1/14/2019,Egyptian viper,Elliott's Blueberry
470,1,Morton Limprecht,9/30/2005,Violet-eared waxbill,Disc Lichen
471,53,Walker Dufore,6/17/2022,Frilled dragon,Oriental False Hawksbeard
472,48,Erna Limeburn,10/29/2009,African lynx,Kousa Dogwood
473,60,Garwood Yushmanov,9/25/2013,"Goose, andean",Claspleaf Twistedstalk
474,22,Suzette Hurdman,7/16/2014,Ring dove,Rosy Ipomopsis
475,25,Steffi Brogini,1/29/2015,"Phalarope, grey",Artocarpus
476,65,Olly Harper,1/5/1996,Australian brush turkey,La Playa Springs Tansyaster
477,71,Gerda Aspling,5/25/2012,"Bear, grizzly",Krapovickasia
478,75,Leona Hutson,5/6/2009,"Dunnart, fat-tailed",Earth Lichen
479,31,Caresa Maddaford,1/11/2003,"Waxbill, violet-eared",Umtanum Desertparsley
480,27,Darwin Braunle,5/23/1999,Toddy cat,Foothill Deathcamas
481,57,Elna Roseveare,11/18/2023,"Squirrel, nelson ground",Silver July Croton
482,4,Corbie Timms,3/31/2001,"Squirrel, grey-footed",Ceanothus
483,26,Wenda Lewendon,6/6/2000,"Spoonbill, white",Orange Agoseris
484,61,Alana Beagles,10/12/2009,"Dragon, komodo",Denseflower Knotweed
485,17,Harriette Fishbourne,1/3/2018,Platypus,Hulten's Alkaligrass
486,34,Liuka Piwell,8/3/1996,White rhinoceros,Cracked Lichen
487,46,Marna Halm,3/18/2019,Elegant crested tinamou,Sphagnum
488,78,Codie Ximenez,11/27/2004,Pocket gopher (unidentified),Little Mountain Bluegrass
489,5,Glynda Ahearne,7/16/2023,"Cliffchat, mocking",Navajo Bridge Pricklypear
490,4,Torrance Abrahart,12/31/2004,"Legaan, Monitor (unidentified)",Kauai Hau Kuahiwi
491,52,Deena Seargeant,8/6/1997,Blue peacock,Knight's-spur
492,73,Kaitlynn Cheeney,10/27/2001,"Dragonfly, russian",Lanai Delissea
493,23,Cathryn Bechley,6/20/1998,"Whale, southern right",Heartleaf Mock Orange
494,2,Margo Szachniewicz,11/17/2021,Black-crowned night heron,Waxy Coneflower
495,52,Shell Cord,7/14/2022,Yellow-rumped siskin,Common Goldenstar
496,74,Teddie Edinburgh,8/26/2021,Yellow-bellied marmot,Purple Needlegrass
497,59,Irwinn Pahl,1/10/2001,Small-clawed otter,Rimularia Lichen
498,47,Suellen Ribeiro,1/6/2016,"Crane, blue",Goodding's Phacelia
499,20,Lulita Reubel,5/27/2001,"Cockatoo, roseate",Aleutian Holly Fern
500,72,Micki Pennuzzi,4/9/1999,American woodcock,Green Buckwheat
501,25,Lana Solway,7/25/2017,"Otter, small-clawed",Littlelobed Lichen
502,55,Sheena Olennikov,5/6/1999,"Snake, green vine",Wedge Sandmat
503,72,Dode Bartels,1/19/2004,"Cat, civet",Prairie Acacia
504,6,Romy Yeskov,3/8/2011,Ringtail cat,Johann's Pine
505,44,Grange Searight,11/5/2011,Long-billed corella,Dyer's Greenweed
506,15,Zaneta Yannoni,2/28/2001,"Raven, white-necked",Anil Racimillo
507,61,Luis Gress,4/7/2011,"Lion, steller sea",Porterweed
508,36,Virgie Crown,2/26/2000,"Sunbird, lesser double-collared",Leioderma Lichen
509,55,Roxi Coudray,11/5/1998,Warthog,Browneyes
510,6,Mic Andrzejak,10/6/2013,Cottonmouth,Humboldt's Lily
511,68,Bridie Greader,9/10/2006,"Sparrow, house",Redwood
512,38,Kimbra Meran,4/20/2008,"Goldeneye, common",Common Cordgrass
513,38,Karry Goodsall,1/12/2011,"Squirrel, grey-footed",Scarlet-plume
514,72,Ruthie Loveitt,9/27/2002,Golden eagle,Stevens' Lambsquarters
515,35,Dora Howlin,7/13/2008,Two-toed tree sloth,Bolander's Mock Dandelion
516,26,Daffi Jirasek,2/1/2024,"Buffalo, asian water",Hooker's Orchid
517,25,Mellisa Mulvihill,12/13/1997,"Trumpeter, green-winged",Timberline Bluegrass
518,43,Vick Cristoforetti,3/9/2011,"Grenadier, purple",Pacific Dogwood
519,44,Valeda Olensby,1/29/2011,American Virginia opossum,Pinkflower Hedgehog Cactus
520,79,Aidan Coole,10/29/2004,Western patch-nosed snake,Lecidella Lichen
521,17,Junette Beetham,4/17/2014,Miner's cat,Lanceleaf Loosestrife
522,35,Bendick Ronan,2/17/2011,"Cat, tiger",Fernald's Sedge
523,45,Moritz Cowterd,3/24/2009,"Hartebeest, coke's",Castle Lake Bedstraw
524,3,Trudey Raun,7/12/2009,Burmese brown mountain tortoise,Pepperbush
525,65,Domenic Gooding,2/15/2013,"Squirrel, indian giant",Surinam Bulletwood
526,12,Kettie Wolland,2/6/2008,"Capuchin, weeper",Dactylospora Lichen
527,25,Filberto Wogdon,6/26/2006,Crab-eating raccoon,Heartleaf Groundcherry
528,62,Erick Gruczka,6/18/1996,Superb starling,Barreta
529,73,Maximilianus Crathorne,4/11/2013,"Eagle, african fish",Big Bend Bluebonnet
530,15,Tommie Le Marquis,8/3/2002,"Deer, roe",Sudan Crowfoot Grass
531,38,Lennard O'Fallon,4/4/2002,Kori bustard,Spelt
532,57,Con Wittman,12/2/2001,"Gull, silver",Jelly Lichen
533,4,Bernie Wasmuth,3/12/2009,"Booby, masked",Kauna'oa
534,22,Erina Pill,11/14/2023,"Thrasher, curve-billed",Wedge Leaf-flower
535,4,Brien Kittles,2/23/2003,"Possum, golden brush-tailed",Beckwith's Violet
536,42,Zoe Camfield,12/6/2017,Blue crane,Spotted Water Hemlock
537,9,Casie Cappineer,5/23/2014,"Chickadee, black-capped",Nodding Stickseed
538,4,Belicia Hekkert,9/7/2005,Sloth bear,California Manyseed
539,35,Halsy Feckey,11/2/2022,"Anteater, giant",Minthorn's Milkvetch
540,51,Winnah Middle,1/23/2018,"Armadillo, seven-banded",Singleleaf Ash
541,4,Melany Matiashvili,5/11/2018,Greater kudu,Fendler's Tuckermannopsis Lichen
542,54,Vernon Stubbings,12/17/2023,"Butterfly, canadian tiger swallowtail",Queen Of The Forest
543,70,Morrie Aicken,11/23/1995,"Plover, three-banded",Zelometeorium Moss
544,57,Nata Jollie,2/10/1999,Wild boar,Lake County Mock Stonecrop
545,7,Mahala Schurcke,6/3/2006,"Lemming, arctic",Palespike Lobelia
546,42,Jerrilyn McIlrath,12/14/2018,"Stork, openbill",Creeping-bluet
547,2,Renaldo Estable,7/26/2004,Prehensile-tailed porcupine,Goosegrass Sedge
548,34,Allina Minet,9/10/2003,Australian sea lion,Siskiyou Pennycress
549,16,Guenevere Clues,1/28/2009,"Woodpecker, red-headed",Finmark's Leciophysma Lichen
550,47,Sibylla Carthew,3/29/2018,"Stork, openbill",Fendler's Townsend Daisy
551,75,Timofei Stookes,2/9/2011,Olive baboon,Charleston Mountain Angelica
552,45,Orazio Thonason,4/5/1996,Black-throated butcher bird,Pursh's Wallflower
553,77,Dion Messer,12/24/2001,"Porcupine, indian",Desertstar
554,72,Lorilee Trayling,12/13/2023,"Gull, swallow-tail",Gum Copal Tree
555,14,Agnola Sammon,2/9/1995,"Kookaburra, laughing",Hoary Verbena
556,13,Rania Byne,6/1/2010,Common pheasant,Louise's Swallow-wort
557,67,Stillmann Surridge,6/25/2007,"Turkey, australian brush",Beet
558,71,Obadias Dudleston,7/22/2023,Stanley bustard,Jointed Goatgrass
559,75,Margalit Wellman,5/27/2007,"Cobra, egyptian",Attenuate Entosthodon Moss
560,2,Elli Tokell,9/4/2013,African polecat,Rusby's Rubberweed
561,79,Rosalinde Gordon-Giles,12/27/2019,Blacksmith plover,Lecidea Lichen
562,56,Gerry Fattorini,12/12/1999,"Hen, sage",Twining Snoutbean
563,55,Ibrahim Cansfield,11/12/2006,"Cockatoo, roseate",Dill
564,3,Roseline Laxton,9/9/2016,"Otter, giant",Broom-like Ragwort
565,56,Garwin Phinnessy,11/12/2008,"Oryx, fringe-eared",Roccella Lichen
566,39,Kendal Kenny,4/17/2007,Little brown bat,Buckley's Goldenrod
567,39,Ody Halse,6/29/2020,"Rhinoceros, white",Late-flowering Yellow Rattle
568,65,Janetta Jumonet,4/22/1995,"Booby, masked",Porter's Licorice-root
569,6,Andra Smorthwaite,9/7/2006,Butterfly (unidentified),Caelogyne
570,5,Celestina Upstell,3/27/1997,Salmon pink bird eater tarantula,Yelloweyed Grass
571,32,Dasya Anger,5/14/2002,Red howler monkey,Squirreltail
572,37,Zarla Sides,4/7/2007,"Hornbill, southern ground",Alpine Draba
573,17,Lucille Liddon,5/5/2020,"Oryx, beisa",San Luis Obispo Monardella
574,52,Humfrid Cossey,1/22/2021,Common goldeneye,Tropical Burnweed
575,17,Palm Balharrie,7/11/2008,"Pelican, brown",Manzanita
576,54,Dugald Staggs,1/7/2003,"Loris, slender",Tufted Alpine Saxifrage
577,47,Melissa Rothman,12/5/2005,Manatee,Bejuco De Masa
578,40,Mar Ecclestone,7/27/2003,Mourning collared dove,Crescent Milkvetch
579,21,Kristien Kirsop,6/29/2006,"Eagle, long-crested hawk",Gypsum Grama
580,61,Datha Guarnier,12/3/2011,Boat-billed heron,Pepper
581,25,Katharine Tutton,6/29/2020,Downy woodpecker,Rosy Balsamroot
582,34,Teodora Snoxill,9/22/1995,Llama,Churchmouse Threeawn
583,42,Ernaline Hurch,2/12/1998,"Lemur, grey mouse",Green Muhly
584,32,Kristine Ventris,2/14/2010,Eastern white pelican,Oxford Orange Lichen
585,56,Amalle Greenhill,11/4/2007,"Tarantula, salmon pink bird eater",Shrubland Dubautia
586,68,Alys Tym,5/31/2005,Black rhinoceros,Script Lichen
587,4,Sabrina Kubicka,7/8/2021,"Gecko, tokay",Basin Bladderpod
588,71,Fredric Medley,11/18/2018,"Ass, asiatic wild",Manyflower Stickseed
589,4,Quill Woollons,4/21/1996,"Mongoose, yellow",Ulota Moss
590,79,Oberon Cowlishaw,12/7/2014,Frilled dragon,Coville's Indian Paintbrush
591,61,Claude Dimic,5/1/2008,"Francolin, swainson's",Purplemat
592,55,Leicester Tunesi,10/4/2015,"Bushbaby, large-eared",Sierra Pea
593,67,Shalne Ioannou,3/10/2015,Cattle egret,Canada Goldenrod
594,30,Jone Dummett,4/24/2004,"Wallaby, whip-tailed",Molokai Cyanea
595,21,Rubie Cumberpatch,10/14/2012,American racer,Narrowleaf Equallip Orchid
596,36,Aleece Aguilar,12/4/2022,Giant otter,Gaudichaud's Senna
597,73,Cherin Delamere,12/22/2009,"Bleu, red-cheeked cordon",Lecidella Lichen
598,5,Chastity Ellacombe,10/23/2022,Nine-banded armadillo,Smooth Threadleaf Ragwort
599,21,Adrienne Skivington,9/14/2015,"Bandicoot, southern brown",Gallant Soldier
600,53,Betteann Canton,11/14/2012,"Crow, american",Libertia
601,10,Lenore Pascho,5/5/1996,"Vulture, white-rumped",Short Lupine
602,67,Benedetta Woollhead,7/23/1995,Green-winged macaw,Morelii's Lecidea Lichen
603,12,Bill Solomonides,11/30/1999,American buffalo,Dactylospora Lichen
604,33,Janey Duck,9/16/2004,Secretary bird,Autumn Dwarf Gentian
605,62,Fulvia Aleevy,12/1/2021,Silver-backed jackal,Lemonyellow False Goldenaster
606,78,Ariana Dmitrievski,10/30/2006,"Porcupine, crested",Boykin's Milkwort
607,56,Whittaker Alford,11/5/2019,"Trumpeter, green-winged",Clustered Dock
608,58,Zeke Crosston,6/6/2009,"Ibis, glossy",Colorado Four O'clock
609,43,Carmella Hansed,12/7/2015,Monitor lizard (unidentified),Mojave Panicgrass
610,79,Andie Wraxall,4/17/2011,"Heron, gray",Stebbins' Hedgenettle
611,16,Melania Raeburn,6/26/2006,"Hoopoe, eurasian",Churchill Narrows Buckwheat
612,4,Yardley Edmund,1/27/2004,"Porcupine, prehensile-tailed",Weill's Lichenochora Lichen
613,26,Giusto Nortcliffe,10/19/1995,Asian water dragon,Hairyfruit Chervil
614,29,Monah Fawley,12/13/2010,Stanley crane,Church's Wildrye
615,63,Regina McNeigh,1/13/2005,"Jackrabbit, white-tailed",Wailua River Yellow Loosestrife
616,64,Gasparo Thecham,2/1/2015,Red-knobbed coot,Florist's Daisy
617,67,Bartram Raxworthy,2/25/1998,"Gull, lava",Torrey's Wrightwort
618,9,Roseanne Hallgath,8/31/2013,Black-backed jackal,Arizona Centaury
619,79,Free Newgrosh,12/29/2006,European beaver,Prairie Snoutbean
620,21,Saxe Kerne,5/19/2023,Blue catfish,Saguaro
621,41,Katie Polendine,7/4/1997,"Rattlesnake, dusky",Passionflower
622,16,Malena Willey,4/8/2019,"Rhea, common",Spinecape
623,22,Peta Joisce,9/16/2008,"Macaque, pig-tailed",Woolly Princesplume
624,46,Ami Threlfall,2/20/2019,Guerza,Alpine Springbeauty
625,27,Frederigo Punt,2/2/2023,Gelada baboon,Purple Sandgrass
626,32,Langston Lamy,5/1/2015,"Robin, kalahari scrub",California Fescue
627,12,Alexis Skoggings,11/6/2017,Red sheep,Coneplant
628,9,Terrie Valintine,2/5/1995,"Snake, tiger",Pili Nehe
629,67,Daisy Legg,2/5/1998,Striated heron,Hottentot Fig
630,21,Nana Writer,12/13/2023,"Boa, cook's tree",Slender Spikerush
631,70,Anatola Drakes,11/10/2019,Black-eyed bulbul,Dutilly's Birch
632,39,Dion McNaughton,6/19/2021,"Fox, blue",Tejon Poppy
633,48,Ber Arnli,8/12/2011,Sable antelope,Spring Creek Bladderpod
634,71,Michaeline Gorrie,6/12/2003,Magellanic penguin,Malheur Penstemon
635,50,Kalila Gladyer,6/14/2021,Roseate cockatoo,Muller's Starviolet
636,50,Belle Wordington,2/15/2002,Blue crane,Algodones Sunflower
637,67,Lambert Proske,6/30/2001,"Rhea, greater",Catch Me If You Can
638,73,Jasper Duddell,8/4/2002,Hoary marmot,Tschonosky Privet
639,33,Jud Crumpe,5/13/1998,Black rhinoceros,Jute
640,17,Woody Bramer,2/21/2010,Red-billed tropic bird,Redclay Hawthorn
641,70,Doretta Aronin,5/20/2023,"Viper, egyptian",Mussentuchit Creek Gilia
642,49,Priscilla Lainge,10/23/1997,"Duck, mountain",Bluebell Creeper
643,47,Hannis Sproston,4/26/1999,Argalis,Puerto Rico Peperomia
644,23,Jacklyn Turk,6/12/2005,"Dove, laughing",Alpine Sawsepal Penstemon
645,34,Kevina Marsh,7/23/2018,Woodchuck,Manyseed
646,53,Alayne Maltby,2/15/2021,"Squirrel, malabar",Cedar Breaks Springparsley
647,34,Elinore Summerskill,6/7/1999,"Penguin, little blue",Figwort
648,76,Meredith Phethean,3/1/2010,Common mynah,Mcnab's Cypress
649,77,Mechelle Parzizek,6/11/1997,Mudskipper (unidentified),Siberian Melicgrass
650,64,Kahaleel Glentz,1/11/2020,"Quoll, eastern",Bladdersage
651,8,Maryjo Meriel,7/30/2004,"Vulture, white-headed",Bluejoint Panicgrass
652,78,Florida Bartkiewicz,2/18/2017,Osprey,Rose And White Buckwheat
653,22,Judd Oddboy,5/2/2009,Beisa oryx,Poison Suckleya
654,20,Richie Rains,3/18/2001,"Peacock, indian",Organ Mountain Evening Primrose
655,69,Gail Echalier,5/8/2013,Mississippi alligator,Upland Boneset
656,6,Miguela De Maine,10/17/2005,Pied avocet,Tree Fern
657,73,Bradford Rosengarten,8/26/2010,White-throated monitor,Porterweed
658,66,Mable Diviny,8/10/2013,Lesser flamingo,Laurel Sumac
659,27,Nicolle Gilleson,4/1/2014,Urial,Hairy Wildrye
660,36,Milt Keith,4/12/2009,Leopard,Pore Lichen
661,8,Park Hain,11/28/1998,"Deer, roe",Chiricahua Mountain Columbine
662,65,Foster Catherine,4/19/2003,"Colobus, black and white",Juniper Skin Lichen
663,5,Dixie Crudgington,8/4/1998,"Goldeneye, common",Cusick's Biscuitroot
664,50,Horace Farthin,11/26/2002,Asian water buffalo,Arizona Signalgrass
665,6,Natty Kesper,10/31/2002,Carmine bee-eater,Palouse Thistle
666,31,Harrison Riddington,8/29/2017,White-winged tern,Bluntscale Bahia
667,26,Dorothy Meany,3/22/2001,Sambar,Krapovickasia
668,24,Bonnie Platts,1/2/1997,Common shelduck,Soft Agrimony
669,52,Meredith Larwood,2/25/2011,Tayra,Bottle-palm
670,10,Parsifal Schwanden,11/25/2010,White-rumped vulture,Periwinkle
671,63,Halie Annell,8/23/2007,Tsessebe,Desert Starvine
672,23,Nikkie Burwood,6/30/2000,Radiated tortoise,Mountain Ebony
673,74,Giacomo Donnison,7/1/1995,"Frogmouth, tawny",American Bluehearts
674,20,Whitaker Halse,12/15/2017,"Bee-eater, white-fronted",Anderson's Weissia Moss
675,70,Obie Epton,5/9/1998,"Jaeger, long-tailed",Tronchuda Cabbage
676,32,Carrissa Urch,10/24/2001,White-lipped peccary,False Shieldfern
677,13,Hannie Houldcroft,7/29/2005,"Moorhen, purple",Sticky Purple Geranium
678,33,Hugh Adamek,2/1/2018,"Rat, desert kangaroo",Santa Cruz Wallflower
679,71,Shalne Oughtright,9/2/2006,Blue racer,Bosc's Mille Graines
680,71,Nicki Everingham,3/3/2015,"Sheep, stone",Fineleaf Fumitory
681,72,Burton Gjerde,8/1/2006,White-faced tree rat,Cascade Aster
682,36,Aurora Pisco,6/25/2010,Bald eagle,Layne's Monkeyflower
683,72,Norbert Stayte,1/28/2011,"Rhinoceros, square-lipped",Lone Fleabane
684,24,Alfons Pattini,7/4/2015,Egyptian viper,Purple Pricklypear
685,27,Gleda Harrison,8/22/2022,"Caracara, yellow-headed",Longhorn Plectritis
686,72,Mignon Roseblade,9/5/2010,"Sparrow, house",Georgia Rush
687,48,Hersh Drioli,3/28/2023,"Goose, cereopsis",Latin American Crowngrass
688,2,Orelee Insoll,1/28/1997,"Flicker, field",Seven Sisters
689,51,Benedick Marrian,10/29/2022,Black-necked stork,Flaxflowered Ipomopsis
690,35,Elisabetta Shervil,11/4/2006,Barrows goldeneye,Sainfoin
691,4,Rem Moffat,8/25/2014,Thirteen-lined squirrel,Johnny-jump-up
692,64,Sutton Klus,11/19/2005,Tiger snake,Short Woollyheads
693,37,Christophorus Stollenhof,3/7/2001,European beaver,Dotted Lichen
694,24,Iosep Castelot,12/19/1997,Greater sage grouse,Cadaba
695,29,Noelyn Adam,5/11/2016,Trumpeter swan,Littleseed Canarygrass
696,36,Prissie Emmines,8/30/1998,Black-collared barbet,Drummond's Entosthodon Moss
697,24,Angel Renard,1/24/2006,Cape fox,Coral Jelly Lichen
698,63,Matthias Tittletross,11/2/2023,"Bee-eater, carmine",Smooth Spike-primrose
699,8,Clarine Lesurf,6/2/2013,Four-horned antelope,Windham County Blackberry
700,76,Mel McGrah,5/27/2007,American alligator,Queen Palm
701,9,Jeana Bennough,5/16/2019,"Leopard, indian",Brachythecium Moss
702,76,Finn Donner,11/17/2014,"Baboon, gelada",Goldenrod
703,1,Sisely Siebart,5/28/1996,Crab (unidentified),Fivefinger Chickensage
704,64,Enoch Stoggles,3/28/2018,"Weaver, red-billed buffalo",Edwards Plateau Yellow Stingbush
705,49,Robbie Durston,11/10/1998,Blesbok,Fendler's Sandwort
706,63,Mano Newing,2/9/2006,Grey heron,Smith's Bulrush
707,35,Luigi Kenninghan,2/22/2009,White-browed sparrow weaver,Malme's Chiodecton Lichen
708,31,Toby Beisley,8/18/2010,"Bustard, denham's",Subterranean Clover
709,19,Chloris Varns,8/2/2021,"Baboon, chacma",Cobana Negra
710,14,Darby Ridout,9/10/2008,Australian brush turkey,Raiche's Clarkia
711,60,Darell McCray,10/27/2018,Eastern indigo snake,African Boxthorn
712,12,Eben Filipiak,7/23/2022,"Constrictor, eastern boa",Peltophorum
713,14,Lorine Levecque,1/4/2004,"Racer, blue",Orchid Cactus
714,24,Audrie Matthewman,3/15/2015,Chilean flamingo,Resurrection Fern
715,19,Teddie Ockland,6/15/2002,White-faced tree rat,Lake Tahoe Yellowcress
716,53,Wynn Yakubovics,7/9/2014,Eastern cottontail rabbit,Arkansas Yucca
717,71,Anna-maria Minghi,7/10/2015,"Parrot, hawk-headed",Parrothead Indian Paintbrush
718,75,Frederic Matasov,3/11/2018,Gaur,Geyer's Twinpod
719,65,Cyrillus Ahern,5/24/2021,Brown hyena,Ruth's Sedge
720,49,Caterina Kelsell,7/23/1998,"Otter, canadian river",Sutherland's Larkspur
721,26,Lucina Tyler,4/23/2007,Great egret,Lion's Ear
722,5,Hagen Zorzenoni,4/2/2002,Denham's bustard,Snow In Summer
723,34,Kingsley Boyd,10/31/2022,Yellow-rumped siskin,Dicranum Moss
724,57,Yulma Vader,10/25/2007,"Cat, cape wild",Scheer's Beehive Cactus
725,80,Nertie Scotchford,7/29/2022,Sloth bear,Sawtooth Wormwood
726,72,Jaimie Massingberd,2/20/2005,White-headed vulture,Cole's Hawthorn
727,9,Bob Houndesome,4/16/2007,"Genet, common",Compact Phacelia
728,9,Bear Reims,12/28/2003,"Tortoise, burmese brown mountain",Ungnadia
729,50,Denni Tumilson,5/31/2006,"Caracara, yellow-headed",Kirschsteiniothelia Lichen
730,16,Arliene Rayman,6/16/2002,"Tortoise, radiated",Cutleaf Gumweed
731,31,Linell Illwell,10/23/2023,"Squirrel, indian giant",Slimstem Reedgrass
732,3,Bald Impey,12/12/2009,Australian brush turkey,Whiteflower Passionflower
733,58,Tisha Naisbit,4/19/2018,Magellanic penguin,Sapote
734,24,Helli Elvy,12/18/2007,"Bandicoot, short-nosed",Great Smoky Mountain Sedge
735,38,Sarah Vinden,11/7/1995,"Monkey, red howler",'ekoko
736,2,Ronica Spoor,12/18/2013,Worm snake (unidentified),Chandler's Craglily
737,55,Deny Compford,4/11/2010,"Elephant, african",Avens
738,12,Eberhard Beeden,8/26/2001,Gray rhea,Sanionia Moss
739,57,Angelia Beri,4/23/1997,Euro wallaby,Tuberous Grasspink
740,5,Loni Bonnett,7/3/2009,Dusky gull,Needle Lichen
741,25,Jannelle Attrill,2/5/2009,Ring-necked pheasant,Wright's Dwarf Gentian
742,39,Fraser Risley,6/11/2015,Azara's zorro,Cobwebby Indian Paintbrush
743,75,Daveta Aviss,12/16/2015,European badger,Scarlet Oak
744,50,Ginni Murdy,1/12/1995,Fairy penguin,Eurasian Woodrush
745,74,Rickard Ferryn,11/8/2015,Pig-tailed macaque,Dwarf-primrose
746,18,Kristel Favell,12/21/2020,Bateleur eagle,Indian Bark
747,11,Cosetta Bohman,5/13/2002,"Partridge, coqui",Groundplum Milkvetch
748,9,Kellsie Colbridge,7/17/1997,African bush squirrel,Sonoran Pricklypoppy
749,78,Luther Children,5/20/1996,"Bear, black",Sugarcane Plumegrass
750,23,Perl Benzi,10/13/2005,"Lapwing, southern",Watson's Snapdragon
751,1,Rosmunda Fettiplace,6/26/2018,Steller's sea lion,Ellipticleaf Cyanea
752,7,Skyler Coot,10/19/2008,Springbok,Sticky Fagonbush
753,24,Noak Grout,6/25/2010,Yellow-throated sandgrouse,Cascabelillo Axilar
754,55,Thibaud Boland,2/17/2014,"Curlew, black",Dalechampia
755,61,Jaine Lidgey,11/7/2000,"Mongoose, eastern dwarf",Melaspilea Lichen
756,14,Abelard Ell,3/4/1999,"Rat, arboral spiny",Patterson's Wormwood
757,40,Vicky Squeers,1/15/2021,Oribi,Parmotrema Lichen
758,23,Bing Stoodale,2/14/2016,Sidewinder,Cream Pincushions
759,68,Carney MacDonogh,5/27/2019,Violet-eared waxbill,Rasp-leaf Pelargonium
760,63,Diana Riquet,10/28/2009,White-fronted capuchin,Perennial Fringed Gentian
761,43,Marje Gorioli,11/20/1997,"Racer, american",Papaya
762,66,Tiebout Branton,10/26/2008,"Skink, blue-tongued",Mann's Cyanea
763,55,Emmett Hellis,6/11/2006,"Squirrel, african bush",Drummond's Rockcress
764,50,Olenka Goathrop,7/6/2011,Yellow-rumped siskin,Schaefferia
765,72,Patricio Smeal,6/10/2008,Small Indian mongoose,Poole's Starviolet
766,36,Ruth Stainson,9/17/2012,Savanna baboon,Campylopus Moss
767,7,Anjela Ferran,2/18/2000,"Crow, american",Susanville Milkvetch
768,5,Rowen Bolmann,6/3/2010,Emerald-spotted wood dove,Wholeleaf Indian Paintbrush
769,75,Brod Kless,7/5/2023,"Shelduck, common",Sweet White Violet
770,18,Jennica Proudlock,3/22/1997,"Possum, pygmy",Soapbush
771,10,Pauletta Klimpt,11/9/2020,"Baboon, yellow",Umbrella Acacia
772,54,Diane Drummond,1/29/2018,"Hawk-eagle, crowned",Groundcherry
773,76,Justinian Mahoney,10/3/2016,"Mockingbird, galapagos",Seashore False Bindweed
774,27,Estel Danbury,5/31/2018,Antelope ground squirrel,Portulacaria
775,66,Devonne Wharmby,3/21/1996,Hawk-headed parrot,Guadalupe Cryptantha
776,64,Torie Schulz,9/12/1997,"Woodpecker, red-headed",Alkali Phacelia
777,59,Ric Jobling,9/11/2009,Galapagos tortoise,Intermediate Cup Lichen
778,30,Winifield Grabham,4/7/1999,"Squirrel, eastern fox",Nutmeg
779,53,Golda Tester,5/17/2015,African wild cat,Kirk's Landolphia
780,77,Talya Berndtssen,9/6/2008,Peregrine falcon,Dutilly's Barley
781,13,Niels Abry,8/23/2022,"Beaver, eurasian",Lilyturf
782,57,Clim Boldra,4/4/2019,"Turkey, common",Fineleaf Hymenopappus
783,14,Nathanael Dumingos,1/31/2005,"Albatross, waved",Curvepod Milkvetch
784,54,Haily Beringer,8/10/1999,Brown capuchin,Golden Chain Tree
785,41,Carmelia Becerra,12/17/2004,Common zorro,Antitrichia Moss
786,46,Sylvester Rosenkranc,8/17/2018,Black-footed ferret,Thicket Wild Coffee
787,24,Grayce Lewsy,1/20/2004,"Sandpiper, spotted wood",Grayleaf Willow
788,22,Vinnie McIlriach,4/17/2006,Glossy starling (unidentified),Colorado Feverfew
789,67,Lyle Armsby,3/27/2017,Black bear,Macartney Rose
790,78,Bernardo Marriott,2/22/2024,"Egret, great",Palo De Gallina
791,52,Julietta Speechly,7/2/2010,Feathertail glider,Browneyes
792,14,Dallas MacVaugh,8/14/2012,Collared lemming,Bigelow's Willow
793,8,Kira Sommers,7/13/2017,"Possum, pygmy",Fendler's Waterleaf
794,20,Walliw Ablott,2/5/2013,Eurasian badger,Balsamroot
795,70,Binni Bracchi,12/9/2007,"Buffalo, american",Pringle's Bastardsage
796,33,Hervey Tyres,5/16/2019,Two-toed tree sloth,Beautiful Woolly Sunflower
797,39,Luella Ducker,3/16/2000,"Phalarope, northern",Lichenothelia Lichen
798,72,Sandor Crooke,7/7/2004,"Heron, green-backed",Blackthorn
799,19,Auguste Eustis,2/15/2024,Galapagos albatross,Serpentine Phacelia
800,58,Ruprecht Rudkin,6/5/2000,Netted rock dragon,Largeleaf Rosemallow
801,79,Niel Stonier,11/25/2001,"Snake, racer",Rougeplant
802,5,Hillary Rogeon,9/14/1998,American crow,Stickystem Penstemon
803,39,Simmonds Aldcorne,5/31/2007,Red-headed woodpecker,Hopea
804,67,Kaitlyn Riddiford,1/12/2013,Bird (unidentified),Fishpoison
805,80,Hastie Antunes,11/14/1995,"Mockingbird, galapagos",Porcupine River Thimbleweed
806,25,Francesco Marple,10/8/2022,"Jackal, asiatic",Northern Slender Lady's Tresses
807,35,Stanleigh Glasspoole,7/6/1995,"Wildebeest, blue",Hydrilla
808,64,Tomasina Androletti,1/22/2004,"Hawk-eagle, crowned",Heath Dog Violet
809,18,Blaire Nijs,8/9/2012,"Skimmer, four-spotted",Florida Adder's-mouth Orchid
810,38,Hoebart Golden,5/24/1998,Common seal,Reverchon's Rosinweed
811,44,Marketa Passey,8/26/2015,"Hawk, red-tailed",Adobe Lily
812,33,Ede Banes,9/6/2007,"Deer, red",Greater Fringed Gentian
813,80,Kelley Cauldfield,1/7/2010,Common rhea,Thurber's Diphysa
814,12,Gilburt Gresham,2/17/2003,Azara's zorro,Mountain Stitchwort
815,36,Jerry Towriss,2/22/2024,Pied cormorant,Flat-top Pussytoes
816,50,Tito Breckon,4/2/2006,Cape starling,Mulga
817,24,Jillane Johnsee,7/13/2020,"Godwit, hudsonian",Roundseed Panicgrass
818,61,Beverly Le Sieur,7/23/2004,"Eagle, long-crested hawk",West Indian Porterweed
819,45,Shurlock De Vuyst,6/17/1998,"Gnu, brindled",Common Butterwort
820,76,Clarette Gonzalvo,10/11/1996,Greater roadrunner,Leskea Moss
821,42,Stuart Cawkill,5/25/2004,"Buffalo, american",Macaranga
822,79,Romain Gaitskell,12/22/2009,Malleefowl,Hairy False Goldenaster
823,24,Nicky Infantino,4/17/2015,Ornate rock dragon,Fragile Tortella Moss
824,21,Lorens Consterdine,7/1/2004,"Sandpiper, spotted wood",Oeder's Lousewort
825,52,Emmerich La Padula,6/30/2011,"Gonolek, burchell's",Pygmyflower Cryptantha
826,56,Harman Worboy,3/21/2001,"Squirrel, african bush",Nakedstem Gymnosteris
827,72,Jerry Swainsbury,3/14/2012,"Lizard, blue-tongued",Rim Lichen
828,56,Mari Asple,9/10/2020,"Racer, american",Roth's Andreaea Moss
829,42,Elvin Voysey,8/8/2012,"Antelope, four-horned",Hispanic Hyacinthoides
830,35,Jamaal Alabaster,11/10/2002,Nine-banded armadillo,Matted Cholla
831,25,Felicia Maddyson,7/27/2008,"Dolphin, striped",Hyssopus
832,74,Angelique Fillary,2/19/2015,"Antelope, four-horned",Narrowleaf Grapefern
833,12,Philis Moxsom,7/27/2011,Jungle kangaroo,Dalea
834,9,Kienan Aymerich,7/17/2017,Two-toed sloth,Rock Melicgrass
835,25,Tonya Ciccotti,11/28/2001,White-fronted capuchin,Cooper's Popcornflower
836,2,Archy Howroyd,10/23/2007,"Fox, savanna",Bryum Moss
837,60,Charmine Andrewartha,7/10/2008,Pine squirrel,American Bugseed
838,76,Jacob Goldston,7/17/2021,"Stork, saddle-billed",Low Northern Sedge
839,12,Emmanuel Tomczak,5/3/2023,Paca,Mceldowney's Cyanea
840,32,Marty Fourcade,6/12/2006,Common green iguana,Desmatodon Moss
841,52,Conni Wolpert,12/23/2005,"Heron, black-crowned night",Wingpod Purslane
842,26,Leann Gaitone,7/27/1996,Black curlew,Pride-of-rochester
843,70,Marybelle Lovell,4/26/2003,Alpaca,Broom Wattle
844,74,Dionne Mollatt,8/28/2013,Javan gold-spotted mongoose,Birchbark Dot Lichen
845,66,Branden Fortman,4/4/2020,Black-eyed bulbul,Branching Phacelia
846,21,Eldin Tunn,10/13/1996,"Marmot, hoary",Western Stingingnettle
847,14,Nora Ahearne,6/12/2009,"Kudu, greater",Larkspurleaf Monkshood
848,16,Ethelbert Brunetti,6/11/2012,"Owl, great horned",Plantainleaf Halberd Fern
849,75,Drona Bendixen,2/13/1995,"Bird, magnificent frigate",Panamint Springparsley
850,56,Bethanne Pusill,9/29/1997,Little brown bat,Whitesnow
851,26,Celie Scrace,10/7/1999,Glossy starling (unidentified),Foxtail Barley
852,57,Hailey Schwaiger,8/21/2023,Red-billed tropic bird,Arizona Four-nerve Daisy
853,71,Olivette Tuckey,1/29/2018,"Pelican, australian",Fourpart Phacelia
854,3,Anabel Phizacklea,3/31/1996,House sparrow,Poorjoe
855,48,Cointon Breit,7/25/2023,Western grey kangaroo,Laurel Sumac
856,30,Letti Spick,1/10/2017,"Dove, mourning collared",Dialium
857,58,Meridith Mansbridge,7/22/2015,Cape cobra,Oneflower Fleabane
858,19,Marsiella Pietrasik,10/21/2007,Palm squirrel,Capillary Hairsedge
859,24,Phil Robus,7/27/2015,"Wallaby, tammar",Broadleaf Four O'clock
860,76,Austina Rany,2/16/1997,Carpet python,Paleyellow Touch-me-not
861,29,Alfons Coils,7/7/1996,Wild turkey,Hamatocaulis Moss
862,35,Ashley Loveridge,9/9/2001,White stork,Florida Mimosa
863,39,Nevile Lenin,2/14/2021,Yellow-headed caracara,Rim Lichen
864,28,Myrwyn Sammut,11/24/2020,"Waxbill, blue",San Jacinto Bluecurls
865,40,Monroe Ivins,10/14/2023,"Openbill, asian",Pitcherplant
866,48,Car Helgass,9/30/2016,Dassie,Reverchon's Palafox
867,56,Gray Smythe,8/29/2000,"Bustard, kori",Channel Millet
868,59,Reggy Cushworth,2/19/2008,"Spoonbill, white",Rabbit Ear Rockcress
869,44,Kimble Zimmer,7/14/2020,"Devil, tasmanian",Tehama Copper Moss
870,49,Jesus Hebden,4/27/1999,Eurasian badger,Lesser Calamint
871,70,Amerigo Graddell,8/19/2016,Golden eagle,Southern Sugar Maple
872,72,Frans Pandya,4/20/2015,"Bat, little brown",Psorinia
873,70,Krystal Presnall,8/24/2016,Eurasian red squirrel,Dactylospora Lichen
874,76,Bert Barbrook,1/19/2018,"Lion, south american sea",Hammock Snakeroot
875,43,Westbrook Digger,6/25/1998,"Zorro, common",Creeping Strapfern
876,18,Eada Mustarde,5/19/2018,Egyptian goose,Fabronia Moss
877,50,Adrienne Noraway,7/19/2010,Violet-eared waxbill,Maclean's Goldenweed
878,9,Timmie Joynson,7/13/2023,Collared peccary,Fissidens Moss
879,80,Isa Baggalley,5/26/2009,Hottentot teal,Northwestern Twayblade
880,73,Basilio Gambrell,10/3/2020,Eastern indigo snake,Annual Pearlwort
881,56,Germain Gergler,7/21/2017,Three-banded plover,Cracked Lichen
882,10,Dido Ducrow,9/30/2006,Flightless cormorant,Blunt Tansymustard
883,34,Colan Nanninini,9/15/2000,"Plover, blacksmith",Feltleaf Willow
884,74,Lara Linturn,7/20/2015,Brush-tailed phascogale,Roughhair Rosette Grass
885,79,Aubrie Doodney,8/27/2023,"Mockingbird, galapagos",Maine Dewberry
886,42,Dominique Cruddas,10/19/2009,"Moccasin, water",Mojave Toothleaf
887,11,Corney Freddi,11/7/2010,Pampa gray fox,Canadian Summer Bluet
888,4,Freedman Gritsunov,1/22/1997,Frilled lizard,Densetuft Hairsedge
889,60,Hewet Baddam,6/8/2005,Yellow-billed stork,Kangaroo Grass
890,9,Shara Semrad,9/28/1997,"Lion, steller sea",Hairy Bedstraw
891,67,Devy Milam,8/12/2012,Gray rhea,Bolander's Milkvetch
892,77,Jervis Orchard,4/7/2012,"Bettong, brush-tailed",Pennsylvania Blackberry
893,37,Margot Kliemann,10/15/2016,Arctic tern,Giant Reed
894,51,Stacy Falcus,7/18/1998,Red and blue macaw,Henry's Lily
895,55,Tynan Beeton,8/25/1999,"Marten, american",Wishbone Flower
896,35,Marthe Gloves,6/7/2020,"Stilt, black-winged",White Rubber Vine
897,70,Goddard Tapton,7/31/1995,Coyote,Pursh's Rattlebox
898,23,Elmer Westmancoat,4/11/1999,Mourning collared dove,Washerwoman
899,72,Pauline Kittiman,11/21/2022,"Lion, australian sea",Burgan
900,16,Arnold Edwins,5/27/2021,American black bear,Fescue
901,57,Corri Mottershead,8/9/2022,Egyptian goose,Western Australian Floodedgum
902,1,Ravi Macauley,4/24/2003,Eastern dwarf mongoose,Mustang Monardella
903,14,Gerry Le Huquet,1/18/2000,Sidewinder,Fremont's Chaffbush
904,42,Dyanne Godsal,6/21/2014,"Hoopoe, eurasian",Long-pod-cassia
905,67,Lindsy Blindermann,11/30/2020,"Lemming, arctic",Blackbead
906,37,Shelly McTague,12/23/2013,"Snake, eastern indigo",Hooker's Balsamroot
907,40,Kinna Jorn,2/25/2024,"Weaver, lesser masked",Osmadenia
908,54,Faye Rastrick,5/20/2015,"Waxbill, blue",Capitate Sedge
909,76,Portie Lasseter,1/7/2019,"Wallaby, river",Leadtree
910,71,Merwyn Scrauniage,2/2/2018,"Francolin, coqui",Wart Lichen
911,42,Rosalyn Marquez,3/14/2008,Mallard,Yukon Lupine
912,47,Paige Robilliard,3/9/2010,Grey phalarope,Brittle Lichen
913,16,Melita Ruusa,8/7/2023,Green-winged macaw,Amur Grape
914,70,Wayne Ketch,11/11/2022,Caracal,Snub Pea
915,37,Corey Vedekhin,1/16/2018,"Cardinal, black-throated",Fewleaf Thistle
916,44,Raphaela Yurchishin,11/29/2017,"Hornbill, red-billed",Pineland Hawthorn
917,17,Elwin McKechnie,12/29/2008,Thirteen-lined squirrel,Mearns' Bird's-foot Trefoil
918,2,Aimee Woosnam,4/13/2018,"Fox, crab-eating",Kellogg's Umbrellawort
919,15,Gabbi Ascroft,9/14/1998,"Langur, common",Gaussia
920,40,Amelia Creagh,10/23/2004,Chuckwalla,Lilac Sage
921,24,Fayre Boulstridge,12/31/2006,"Gull, pacific",Porpidia Lichen
922,1,Javier Deaconson,3/15/2021,"Bison, american",Flat-top Broomrape
923,27,Costa Le Cornu,9/22/2022,Pied kingfisher,Blood Sage
924,2,Ernie Ormistone,3/11/2005,"Crane, wattled",Hyacinth Meadow Garlic
925,35,Gizela Clayill,3/7/2006,White spoonbill,Fresno County Bird's Beak
926,9,Hakim Cogdon,6/10/2003,"Starfish, crown of thorns",Canotia
927,48,Ky Hagland,10/13/2004,"Rat, white-faced tree",Distictis
928,24,Maryl Cottrill,1/10/2009,"Eagle, african fish",Pine Lily
929,17,Ira Rodder,8/25/1997,"Dove, mourning collared",Bog Chickweed
930,58,Karoly Nitti,5/19/2009,"Lizard, giant girdled",Bluntleaf Yellowcress
931,59,Angelique Apted,6/24/2022,Kirk's dik dik,Sangre De Cristo
932,9,Wallache Masse,10/2/1998,"Skunk, western spotted",'ohe Mauka
933,56,Danie Dosdill,10/21/1997,Blue-tongued skink,Nicker Bean
934,47,Ewart Finney,12/31/2021,Eastern boa constrictor,Newberry's Milkvetch
935,46,Abbott Sclanders,10/12/1997,"Lemur, sportive",Mexican Oregano
936,66,Aileen Beincken,10/5/2019,"Eagle, african fish",Bent Alligator-flag
937,6,Kaleena Busswell,4/13/2000,"Owl, burrowing",Congea
938,38,Ingaborg Carpenter,1/10/2007,"Phalarope, red-necked",Cylindricfruit Primrose-willow
939,60,Gabrila Wrankling,10/12/2002,"Leopard, indian",Pajaro Manzanita
940,47,Merilyn Schouthede,2/6/2022,Springbuck,Tailed Nicker
941,72,Janna Assiratti,6/21/2004,Golden jackal,Rocky Mountain Indian Parsley
942,62,Doretta Kenny,7/4/2001,King vulture,Springloving Centaury
943,36,Margarethe Tasseler,12/28/2014,"Turkey, common",Gray Nicker
944,54,Gwen Heck,9/22/2010,"Goose, cape barren",Haussknecht's Clover
945,31,Prudence Cusack,7/15/2008,Jungle cat,Cascade False Hellebore
946,63,Duane Rooney,8/19/2021,Chilean flamingo,Thalassia
947,57,Audrye Drees,6/3/2007,Greater rhea,Antitrichia Moss
948,25,Gaby Carthew,11/18/2023,"Hyena, spotted",Isochilus
949,54,Bastien Entwisle,9/13/2016,Common zebra,Prairie Woodland-star
950,65,Miles Wyrall,3/17/2021,Swainson's francolin,Sanddollar
951,10,Danni Forster,11/4/2022,Australian sea lion,Pursh's Wallflower
952,61,Jackson Jursch,4/14/2020,"Wallaby, bennett's",Cactus Apple
953,62,Emmeline Beedell,8/25/1996,Bushbuck,Carolina Puccoon
954,57,Audre Hayland,6/22/1995,Mexican wolf,Stock
955,9,Mela Abramin,9/9/1997,"Trotter, lily",Short-spike Peperomia
956,56,Anetta Howard,5/11/2013,Violet-crested turaco,Sixweeks Prairie Clover
957,44,Cherise Chese,5/13/2010,"Lemur, lesser mouse",Pitted Stripeseed
958,59,Jordan Hastler,2/17/2013,Water monitor,Puerto Rico Ironweed
959,31,Else Brooksbank,7/17/2005,Goliath heron,Toiyabe Buckwheat
960,63,Leigh Chatband,10/14/2015,American marten,Littorella
961,68,Bord Sadler,7/15/2010,Red hartebeest,Murray's Birch
962,52,Annabell Delamaine,1/18/2024,Comb duck,Blackfoot River Evening Primrose
963,52,Silvan MacGraith,4/20/1997,"Sparrow, rufous-collared",Semecarpus
964,4,Zared Mathias,11/1/2016,Savanna fox,Foxglove Beardtongue
965,5,Prentice Demsey,3/13/2011,Dusky rattlesnake,Ontario Goldenrod
966,63,Shalne Stickney,6/1/2009,"Magpie, australian",Sacahuista
967,7,Harriett Gooderridge,3/14/2005,Red-necked wallaby,Monterey Spineflower
968,75,Deloris Potebury,7/30/2011,Ground legaan,Threadleaf Snakeweed
969,26,Baron Ochiltree,1/5/2012,Eastern dwarf mongoose,Hybrid Elm
970,79,Lorne Kleinstern,8/7/2020,"Hornbill, southern ground",Tumble Lovegrass
971,56,Delia Morais,5/25/2015,Chameleon (unidentified),Pea
972,65,Charmine Kleisle,3/10/2007,"Lion, australian sea",Douglas' Buckwheat
973,22,Charity Ferne,10/26/1999,"Trumpeter, dark-winged",Pinewoods Lousewort
974,29,Ina Grinyov,6/23/1998,Polar bear,Taylor's Fawnlily
975,75,Bab Jeschner,5/4/1997,Eastern boa constrictor,Cup Lichen
976,19,Vernor Archibald,7/26/2014,"Bushbaby, large-eared",Giant Horsetail
977,39,Merrie Pearch,1/27/2004,Four-horned antelope,Bicolored Spleenwort
978,39,Norry Greatbank,3/24/1995,"Fox, north american red",Horsetail
979,57,Ruthie Schulze,12/4/1995,Miner's cat,Dahurian Buckthorn
980,70,Abelard Leaf,12/28/1995,"Cat, long-tailed spotted",Convoluted Barbula Moss
981,23,Delila Morde,5/24/1999,Fringe-eared oryx,Grimmia Dry Rock Moss
982,45,Melessa Di Biagio,7/13/2006,Malabar squirrel,Oklahoma Monkeyflower
983,7,Sandro Sarjent,10/6/1996,Carmine bee-eater,Smith's Mint
984,24,Wittie Holton,4/19/2018,"Whale, long-finned pilot",Flaccidgrass
985,33,Zacharias Ludee,5/23/1996,"Hornbill, red-billed",Tamarugo
986,38,Shandeigh Powland,7/22/2004,Springhare,Carolina Bristlemallow
987,49,Trenna Rawll,7/21/2003,"Cat, african wild",Largeleaf Bedstraw
988,78,Kaitlin Huxter,8/22/2004,"Gonolek, burchell's",Whitedaisy Tidytips
989,29,Madeline Dawney,9/14/1997,Eurasian beaver,Bloody Geranium
990,42,Lissa Golley,4/18/2014,Crowned eagle,Little Rose
991,18,Fairlie Trippett,8/18/2011,"Spoonbill, white",Bucida
992,6,Charmian Tape,1/5/2008,"Marshbird, brown and yellow",Wisteria
993,49,Josefa Dadge,12/17/2003,Superb starling,Aquilon
994,58,Rozella Dunbar,8/16/2017,Cottonmouth,Western Goldentop
995,52,Hakim Mahon,7/13/2005,Potoroo,White Milkwood
996,40,Carree Spong,3/15/2020,Gaur,Brownhead Rush
997,57,Malanie Scocroft,6/14/2016,Lava gull,Bigtooth Maple
998,9,Vinny Dragge,6/29/1995,Chameleon (unidentified),Bald Cypress
999,66,Lissie Grubbe,5/27/1997,"Crow, american",Lindley's Butterflybush
1000,64,Fanchette Rettie,8/11/2021,Leopard,Purple Fleabane
